{
  "variants": {
    "facing=east": [
      { "model": "block/carved_pumpkin0", "y": 90 },
      { "model": "block/carved_pumpkin1", "y": 90 }
    ],

    "facing=north": [
      { "model": "block/carved_pumpkin0" },
      { "model": "block/carved_pumpkin1" }
    ],

    "facing=south": [
      { "model": "block/carved_pumpkin0", "y": 180 },
      { "model": "block/carved_pumpkin1", "y": 180 }
    ],

    "facing=west": [
      { "model": "block/carved_pumpkin0", "y": 270 },
      { "model": "block/carved_pumpkin1", "y": 270 }
    ]

  }
}