{
  "variants": {
    "facing=east":[{"model": "minecraft:block/carved_pumpkin","y": 90,"weight":10},
	{"model": "minecraft:block/carved_pumpkin/block/carved_pumpkin0","y": 90,"weight":1}],
    "facing=north":[{"model": "minecraft:block/carved_pumpkin","weight":10},
	{"model": "minecraft:block/carved_pumpkin/block/carved_pumpkin0","weight":1}],
    "facing=south":[{"model": "minecraft:block/carved_pumpkin","y": 180,"weight":10},
	{"model": "minecraft:block/carved_pumpkin/block/carved_pumpkin0","y": 180,"weight":1}],
    "facing=west":[{"model": "minecraft:block/carved_pumpkin","y": 270,"weight":10},
	{"model": "minecraft:block/carved_pumpkin/block/carved_pumpkin0","y": 270,"weight":1}]
  }
}