{
  "variants": {
    "facing=east":[{"model": "minecraft:block/jack_o_lantern","y": 90,"weight":10},
	{"model": "minecraft:block/jack-o-lantern/block/jack-o-lantern0","y": 90,"weight":1}],
    "facing=north":[{"model": "minecraft:block/jack_o_lantern","weight":10},
	{"model": "minecraft:block/jack-o-lantern/block/jack-o-lantern0","weight":1}],
    "facing=south":[{"model": "minecraft:block/jack_o_lantern","y": 180,"weight":10},
	{"model": "minecraft:block/jack-o-lantern/block/jack-o-lantern0","y": 180,"weight":1}],
    "facing=west":[{"model": "minecraft:block/jack_o_lantern","y": 270,"weight":10},
	{"model": "minecraft:block/jack-o-lantern/block/jack-o-lantern0","y": 270,"weight":1}]
  }
}