{
  "variants": {
    "facing=east": [
      { "model": "block/jack_o_lantern0", "y": 90 },
      { "model": "block/jack_o_lantern1", "y": 90 }

    "facing=north": [
      { "model": "block/jack_o_lantern0" },
      { "model": "block/jack_o_lantern1" }
    ],

    "facing=south": [
      { "model": "block/jack_o_lantern0", "y": 180 },
      { "model": "block/jack_o_lantern1", "y": 180 }
    ],

    "facing=west": [
      { "model": "block/jack_o_lantern0", "y": 270 },
      { "model": "block//jack_o_lantern1", "y": 270 }
    ]
  }
}