{
    "variants": {
		"":[
		{
			"model": "block/prismarine_bricks", "weight":70
    	},
			{ "model": "block/chiseled_prismarine_bricks_waves", "weight":3 },
			{ "model": "block/chiseled_prismarine_bricks_guardian", "weight":3 },
			{ "model": "block/chiseled_prismarine_bricks_glyphs1", "weight":3 },
			{ "model": "block/chiseled_prismarine_bricks_glyphs2", "weight":3 },
			{ "model": "block/chiseled_prismarine_bricks_glyphs3", "weight":3 },
			{ "model": "block/chiseled_prismarine_bricks_glyphs4", "weight":3 },
			{ "model": "block/chiseled_prismarine_bricks_fish", "weight":3 },
			{ "model": "block/chiseled_prismarine_bricks_squid", "weight":3 },
			{ "model": "block/chiseled_prismarine_bricks_crab", "weight":3 },
			{ "model": "block/chiseled_prismarine_bricks_dolphin", "weight":3 }
		]	
	}
}